{"cameraMode":{"drawMode":0,"name":"Shaded","section":"Shading Mode"},"sceneLighting":true,"audioPlay":false,"sceneViewState":{"m_AlwaysRefresh":false,"showFog":true,"showSkybox":true,"showFlares":true,"showImageEffects":true,"showParticleSystems":true,"showVisualEffectGraphs":true,"m_FxEnabled":true},"in2DMode":false,"pivot":{"x":4.015127658843994,"y":0.7167553901672363,"z":3.0786633491516115},"rotation":{"x":0.0037061709444969894,"y":0.9516794681549072,"z":-0.30694982409477236,"w":0.011718317866325379},"size":2.6080660820007326,"orthographic":false}