{"cameraMode":{"drawMode":0,"name":"Shaded","section":"Shading Mode"},"sceneLighting":true,"audioPlay":false,"sceneViewState":{"m_AlwaysRefresh":false,"showFog":true,"showSkybox":true,"showFlares":true,"showImageEffects":true,"showParticleSystems":true,"showVisualEffectGraphs":true,"m_FxEnabled":true},"in2DMode":false,"pivot":{"x":0.17627164721488954,"y":-0.46606260538101199,"z":73.64044189453125},"rotation":{"x":0.01799822971224785,"y":0.008998424746096135,"z":-0.0001619787944946438,"w":0.9997979402542114},"size":0.0034193298779428007,"orthographic":false}