{"cameraMode":{"drawMode":0,"name":"Shaded","section":"Shading Mode"},"sceneLighting":true,"audioPlay":false,"sceneViewState":{"m_AlwaysRefresh":false,"showFog":true,"showSkybox":true,"showFlares":true,"showImageEffects":true,"showParticleSystems":true,"showVisualEffectGraphs":true,"m_FxEnabled":true},"in2DMode":false,"pivot":{"x":198.24105834960938,"y":1219.5032958984375,"z":-229.86175537109376},"rotation":{"x":0.04083263874053955,"y":0.9451158046722412,"z":-0.29703301191329958,"w":0.1301133632659912},"size":1216.3460693359375,"orthographic":false}