{"cameraMode":{"drawMode":0,"name":"Shaded","section":"Shading Mode"},"sceneLighting":true,"audioPlay":false,"sceneViewState":{"m_AlwaysRefresh":false,"showFog":true,"showSkybox":true,"showFlares":true,"showImageEffects":true,"showParticleSystems":true,"showVisualEffectGraphs":true,"m_FxEnabled":true},"in2DMode":false,"pivot":{"x":6.071016311645508,"y":-43.247901916503909,"z":102.79339599609375},"rotation":{"x":-0.20364205539226533,"y":0.06252175569534302,"z":-0.013027124106884003,"w":-0.9769681096076965},"size":111.08000946044922,"orthographic":false}