{"cameraMode":{"drawMode":0,"name":"Shaded","section":"Shading Mode"},"sceneLighting":true,"audioPlay":false,"sceneViewState":{"m_AlwaysRefresh":false,"showFog":true,"showSkybox":true,"showFlares":true,"showImageEffects":true,"showParticleSystems":true,"showVisualEffectGraphs":true,"m_FxEnabled":true},"in2DMode":false,"pivot":{"x":-27.774669647216798,"y":2.289083480834961,"z":10.705535888671875},"rotation":{"x":-0.020995132625102998,"y":0.02308296598494053,"z":-0.00040448331856168807,"w":-0.9995414018630981},"size":5.71539831161499,"orthographic":false}