{"cameraMode":{"drawMode":0,"name":"Shaded","section":"Shading Mode"},"sceneLighting":true,"audioPlay":false,"sceneViewState":{"m_AlwaysRefresh":false,"showFog":true,"showSkybox":true,"showFlares":true,"showImageEffects":true,"showParticleSystems":true,"showVisualEffectGraphs":true,"m_FxEnabled":true},"in2DMode":false,"pivot":{"x":1.232832431793213,"y":3.1518473625183107,"z":2.8935117721557619},"rotation":{"x":-0.13458415865898133,"y":-0.011297684162855149,"z":0.0016153780743479729,"w":-0.9908641576766968},"size":618.4657592773438,"orthographic":false}