{"cameraMode":{"drawMode":0,"name":"Shaded","section":"Shading Mode"},"sceneLighting":true,"audioPlay":false,"sceneViewState":{"m_AlwaysRefresh":false,"showFog":true,"showSkybox":true,"showFlares":true,"showImageEffects":true,"showParticleSystems":true,"showVisualEffectGraphs":true,"m_FxEnabled":true},"in2DMode":false,"pivot":{"x":-1.4868736267089844,"y":-15.592155456542969,"z":79.71717834472656},"rotation":{"x":0.13457229733467103,"y":0.016349218785762788,"z":-0.0022191419266164304,"w":0.9907692074775696},"size":77.96357727050781,"orthographic":false}