{"cameraMode":{"drawMode":0,"name":"Shaded","section":"Shading Mode"},"sceneLighting":true,"audioPlay":false,"sceneViewState":{"m_AlwaysRefresh":false,"showFog":true,"showSkybox":true,"showFlares":true,"showImageEffects":true,"showParticleSystems":true,"showVisualEffectGraphs":true,"m_FxEnabled":true},"in2DMode":false,"pivot":{"x":11.866512298583985,"y":2.2624855041503908,"z":-9.434782028198243},"rotation":{"x":0.04880378022789955,"y":0.16315250098705293,"z":0.008162965066730976,"w":-0.985393226146698},"size":8.55844783782959,"orthographic":false}