{"cameraMode":{"drawMode":0,"name":"Shaded","section":"Shading Mode"},"sceneLighting":true,"audioPlay":false,"sceneViewState":{"m_AlwaysRefresh":false,"showFog":true,"showSkybox":true,"showFlares":true,"showImageEffects":true,"showParticleSystems":true,"showVisualEffectGraphs":true,"m_FxEnabled":true},"in2DMode":false,"pivot":{"x":-27.740442276000978,"y":2.287428379058838,"z":10.699124336242676},"rotation":{"x":0.06776611506938935,"y":0.18333040177822114,"z":-0.012703949585556984,"w":0.9806531071662903},"size":0.0279373936355114,"orthographic":false}