{"cameraMode":{"drawMode":0,"name":"Shaded","section":"Shading Mode"},"sceneLighting":true,"audioPlay":false,"sceneViewState":{"m_AlwaysRefresh":false,"showFog":true,"showSkybox":true,"showFlares":true,"showImageEffects":true,"showParticleSystems":true,"showVisualEffectGraphs":true,"m_FxEnabled":true},"in2DMode":false,"pivot":{"x":1238.156005859375,"y":319.17132568359377,"z":-46.45330810546875},"rotation":{"x":-0.020725609734654428,"y":-0.15946689248085023,"z":-0.0033777831122279169,"w":0.9869999289512634},"size":1108.5545654296875,"orthographic":false}